entity,tag
manila,GPE
quezon city,GPE
davao,GPE
caloocan city,GPE
zamboanga city,GPE
cebu city,GPE
taguig city,GPE
antipolo,GPE
pasig city,GPE
valenzuela,GPE
cagayan de oro,GPE
city of paraã±aque,GPE
dasmariã±as,GPE
general santos,GPE
bacoor,GPE
san jose del monte,GPE
makati city,GPE
las piã±as city,GPE
bacolod,GPE
muntinlupa city,GPE
city of calamba,GPE
lapu-lapu city,GPE
imus,GPE
mandaluyong city,GPE
angeles city,GPE
pasay city,GPE
marikina city,GPE
iloilo,GPE
general trias,GPE
rodriguez,GPE
santa rosa,GPE
biã±an,GPE
taytay,GPE
malabon,GPE
tarlac city,GPE
cainta,GPE
lipa city,GPE
mandaue city,GPE
butuan,GPE
baguio city,GPE
iligan,GPE
cabuyao,GPE
san fernando,GPE
san pedro,GPE
batangas,GPE
cabanatuan city,GPE
cotabato,GPE
binangonan,GPE
tanza,GPE
puerto princesa,GPE
navotas,GPE
tagum,GPE
silang,GPE
mabalacat,GPE
santa maria,GPE
san pablo,GPE
lucena,GPE
san mateo,GPE
talisay,GPE
malolos,GPE
marilao,GPE
olongapo,GPE
tacloban,GPE
meycauayan,GPE
ormoc,GPE
santo tomas,GPE
valencia,GPE
trece martires city,GPE
naga city,GPE
pagadian,GPE
legazpi city,GPE
panabo,GPE
marawi city,GPE
toledo,GPE
san carlos city,GPE
kabankalan,GPE
koronadal,GPE
tanauan,GPE
general mariano alvarez,GPE
bago,GPE
malaybalay,GPE
digos,GPE
calbayog city,GPE
sorsogon,GPE
roxas city,GPE
dagupan city,GPE
mexico,GPE
lubao,GPE
polomolok,GPE
san miguel,GPE
baliuag,GPE
surigao,GPE
concepcion,GPE
tuguegarao,GPE
midsayap,GPE
pikit,GPE
naic,GPE
sariaya,GPE
kidapawan,GPE
pandi,GPE
cadiz,GPE
ilagan,GPE
danao,GPE
poblacion,GPE
capas,GPE
san juan,GPE
san jose,GPE
minglanilla,GPE
consolacion,GPE
san jose,GPE
mariveles,GPE
sagay,GPE
santiago,GPE
mati,GPE
calapan,GPE
urdaneta,GPE
arayat,GPE
bocaue,GPE
malasiqui,GPE
calabayan,GPE
tabaco,GPE
porac,GPE
ozamiz city,GPE
tanay,GPE
la trinidad,GPE
candelaria,GPE
dipolog,GPE
jolo,GPE
dumaguete city,GPE
carcar,GPE
nasugbu,GPE
gingoog,GPE
norzagaray,GPE
floridablanca,GPE
angono,GPE
daraga,GPE
hagonoy,GPE
naga,GPE
talavera,GPE
san carlos,GPE
guagua,GPE
silay,GPE
city of isabela,GPE
santo tomas,GPE
rosario,GPE
guimba,GPE
san fernando,GPE
santa cruz,GPE
magalang,GPE
gapan,GPE
bayawan,GPE
tabuk,GPE
calumpit,GPE
candaba,GPE
dinalupihan,GPE
apalit,GPE
ligao,GPE
malita,GPE
plaridel,GPE
guiguinto,GPE
los baã±os,GPE
samal,GPE
himamaylan,GPE
bongao,GPE
san ildefonso,GPE
mangaldan,GPE
iriga city,GPE
san juan,GPE
daet,GPE
rosario,GPE
manolo fortich,GPE
libmanan,GPE
tayabas,GPE
laoag,GPE
subic,GPE
kawit,GPE
baybay,GPE
pulilan,GPE
tacurong,GPE
cavite city,GPE
naujan,GPE
quezon,GPE
glan,GPE
carmona,GPE
bayugan,GPE
talisay,GPE
lingayen,GPE
cawayan,GPE
maramag,GPE
tagbilaran city,GPE
carmen,GPE
pateros,GPE
tiaong,GPE
catbalogan,GPE
bulan,GPE
maluã±gun,GPE
sultan kudarat,GPE
balanga,GPE
masbate,GPE
sindangan,GPE
paniqui,GPE
san rafael,GPE
parang,GPE
guihulã±gan,GPE
calasiao,GPE
santa cruz,GPE
lamitan,GPE
talipao,GPE
catarman,GPE
isulan,GPE
kalibo,GPE
ipil,GPE
prosperidad,GPE
alabel,GPE
maasin,GPE
nabunturan,GPE
cabadbaran,GPE
balagtas,GPE
virac,GPE
poblacion,GPE
pavia,GPE
oroquieta,GPE
borongan,GPE
bayombong,GPE
teresa,GPE
san jose,GPE
taal,GPE
tandag,GPE
naval,GPE
caridad,GPE
boac,GPE
vigan,GPE
iba,GPE
noveleta,GPE
bangued,GPE
tubod,GPE
mamburao,GPE
palayan city,GPE
baler,GPE
mambajao,GPE
romblon,GPE
jordan,GPE
san roque,GPE
shariff aguak,GPE
cabarroguis,GPE
camaligan,GPE
siquijor,GPE
general emilio aguinaldo,GPE
bontoc,GPE
lagawe,GPE
kabugao,GPE
magugpo poblacion,GPE
basco,GPE
santa cruz,GPE
koronadal,GPE
san jose,GPE
tabuk,GPE
pili,GPE
alaminos,GPE
pili,GPE
oton,GPE
bislig,GPE
mâ€™lang,GPE
balayan,GPE
escalante,GPE
balamban,GPE
gerona,GPE
lopez,GPE
daanbantayan,GPE
monkayo,GPE
lemery,GPE
kabacan,GPE
indanan,GPE
santa barbara,GPE
palimbang,GPE
sablayan,GPE
bauan,GPE
salaman,GPE
pongotan,GPE
victorias,GPE
pinamalayan,GPE
compostela,GPE
polangui,GPE
bogo,GPE
banga,GPE
surallah,GPE
hinigaran,GPE
calabanga,GPE
passi,GPE
murcia,GPE
calauan,GPE
solana,GPE
baras,GPE
aroroy,GPE
echague,GPE
san fabian,GPE
makilala,GPE
calaca,GPE
camiling,GPE
baggao,GPE
binmaley,GPE
nabua,GPE
bantayan,GPE
tagaytay,GPE
cabiao,GPE
guinobatan,GPE
batarasa,GPE
dapitan,GPE
science city of muã±oz,GPE
bais,GPE
bolinao,GPE
san antonio,GPE
maco,GPE
taytay,GPE
siaton,GPE
mabinay,GPE
tanjay,GPE
calatrava,GPE
carmen,GPE
bulacan,GPE
siasi,GPE
ubay,GPE
buhi,GPE
matalam,GPE
lambunao,GPE
barili,GPE
san jose,GPE
kapalong,GPE
tagoloan,GPE
san francisco,GPE
malapatan,GPE
jaen,GPE
poblacion,GPE
robles,GPE
patikul,GPE
mangatarem,GPE
bauang,GPE
pagbilao,GPE
pototan,GPE
limay,GPE
macabebe,GPE
argao,GPE
bamban,GPE
bustos,GPE
narra,GPE
hermosa,GPE
santa catalina,GPE
manaoag,GPE
umingan,GPE
bongabong,GPE
talakag,GPE
palo,GPE
infanta,GPE
santa rosa,GPE
pilar,GPE
pinamungahan,GPE
libon,GPE
bugallon,GPE
pozorrubio,GPE
dalaguete,GPE
esperanza,GPE
balingasag,GPE
dumangas,GPE
alicia,GPE
brookes point,GPE
lala,GPE
tupi,GPE
bula,GPE
jose abad santos,GPE
carles,GPE
san fernando,GPE
bacacay,GPE
morong,GPE
catanauan,GPE
sipalay,GPE
camalig,GPE
pigcawayan,GPE
pililla,GPE
gumaca,GPE
calauag,GPE
binalbagan,GPE
talibon,GPE
parang,GPE
goa,GPE
orani,GPE
mauban,GPE
tumauini,GPE
rizal,GPE
tinambac,GPE
san pascual,GPE
roxas,GPE
indang,GPE
don carlos,GPE
la paz,GPE
cawayan,GPE
mamungan,GPE
aparri,GPE
bagumbayan,GPE
buenavista,GPE
san leonardo,GPE
tangub,GPE
bay,GPE
alamada,GPE
castillejos,GPE
miagao,GPE
tuburan,GPE
sipocot,GPE
cuyapo,GPE
santa barbara,GPE
rosales,GPE
agoo,GPE
san mateo,GPE
janiuay,GPE
la carlota,GPE
bongabon,GPE
lupon,GPE
botolan,GPE
opol,GPE
angat,GPE
san remigio,GPE
oas,GPE
malvar,GPE
roxas,GPE
lantapan,GPE
kiamba,GPE
coron,GPE
villasis,GPE
lutayan,GPE
solano,GPE
nagcarlan,GPE
quezon,GPE
maasin,GPE
isabela,GPE
saravia,GPE
hilongos,GPE
sibulan,GPE
atimonan,GPE
victoria,GPE
tuao,GPE
aliaga,GPE
sibalom,GPE
santa cruz,GPE
jose paã±ganiban,GPE
moncada,GPE
bansalan,GPE
san fernando,GPE
calinog,GPE
santa ana,GPE
kapatagan,GPE
aurora,GPE
cambanugoy,GPE
baao,GPE
santo domingo,GPE
orion,GPE
cabatuan,GPE
itogon,GPE
tigaon,GPE
abuyog,GPE
tulunan,GPE
obando,GPE
rosario,GPE
jinoba-an,GPE
malay,GPE
castilla,GPE
laoang,GPE
matanao,GPE
gubat,GPE
paracale,GPE
medellin,GPE
maimbung,GPE
san simon,GPE
alfonso,GPE
san mariano,GPE
kananya,GPE
ilog,GPE
sigaboy,GPE
ragay,GPE
san francisco,GPE
irosin,GPE
san luis,GPE
roxas,GPE
esperanza,GPE
ibaan,GPE
el salvador,GPE
mansalay,GPE
calatagan,GPE
masantol,GPE
canlaon,GPE
upi,GPE
gattaran,GPE
barotac nuevo,GPE
baganga,GPE
palompon,GPE
asingan,GPE
cogan,GPE
dumanjog,GPE
tanauan,GPE
new corella,GPE
santa maria,GPE
jasaan,GPE
milagros,GPE
binalonan,GPE
alangalang,GPE
uson,GPE
buluan,GPE
hagonoy,GPE
lian,GPE
tiwi,GPE
ramon,GPE
poblacion,GPE
paombong,GPE
lagonoy,GPE
basey,GPE
pangantocan,GPE
placer,GPE
libungan,GPE
magsaysay,GPE
pila,GPE
diffun,GPE
urbiztondo,GPE
general tinio,GPE
bambang,GPE
batac,GPE
mulanay,GPE
asturias,GPE
mercedes,GPE
manapla,GPE
san isidro,GPE
carigara,GPE
estancia,GPE
pontevedra,GPE
sara,GPE
santa cruz,GPE
masinloc,GPE
san manuel,GPE
trento,GPE
tapas,GPE
minalabac,GPE
titay,GPE
tagkawayan,GPE
cabagan,GPE
impasugong,GPE
magpet,GPE
kitaotao,GPE
sibonga,GPE
pasacao,GPE
ajuy,GPE
dauis,GPE
guiuan,GPE
lucban,GPE
barobo,GPE
molave,GPE
buenavista,GPE
aurora,GPE
hamtic,GPE
padre garcia,GPE
sison,GPE
bani,GPE
san joaquin,GPE
burauen,GPE
ibajay,GPE
naguilian,GPE
bato,GPE
president roxas,GPE
claveria,GPE
alaminos,GPE
leon,GPE
mabini,GPE
caramoan,GPE
cardona,GPE
bantacan,GPE
ocampo,GPE
san narciso,GPE
aringay,GPE
kalamansig,GPE
cataingan,GPE
gloria,GPE
donsol,GPE
el nido,GPE
amulung,GPE
wao,GPE
peã±ablanca,GPE
pananaw,GPE
pontevedra,GPE
zaragoza,GPE
alcala,GPE
santa rita,GPE
rosario,GPE
dumarao,GPE
odiongan,GPE
kiblawan,GPE
pio duran,GPE
dulag,GPE
carmen,GPE
vinzons,GPE
minalin,GPE
malabang,GPE
panay,GPE
libona,GPE
dumingag,GPE
inabanga,GPE
barotac viejo,GPE
lal-lo,GPE
bacolor,GPE
new washington,GPE
siocon,GPE
mahayag,GPE
tuba,GPE
tibigan,GPE
balimbing,GPE
talisay,GPE
santa ignacia,GPE
malinao,GPE
sogod,GPE
pilar,GPE
bunawan,GPE
isabel,GPE
pilar,GPE
sumisip,GPE
albuera,GPE
ayungon,GPE
banisilan,GPE
norala,GPE
kabasalan,GPE
tuy,GPE
cordon,GPE
montevista,GPE
narvacan,GPE
lower tungawan,GPE
dingle,GPE
pagalungan,GPE
lupao,GPE
tayug,GPE
pagsanjan,GPE
maluso,GPE
lumba-a-bayabao,GPE
tantangan,GPE
jones,GPE
talagutong,GPE
san jacinto,GPE
victoria,GPE
aguilar,GPE
basud,GPE
angadanan,GPE
concepcion,GPE
buguias,GPE
maria aurora,GPE
san jose,GPE
manjuyod,GPE
bacnotan,GPE
nasipit,GPE
katipunan,GPE
dolores,GPE
culasi,GPE
san pascual,GPE
loon,GPE
banaybanay,GPE
labangan,GPE
bulalacao,GPE
general mamerto natividad,GPE
maitum,GPE
cateel,GPE
mandaon,GPE
guinayangan,GPE
labason,GPE
badian,GPE
hinatuan,GPE
jaro,GPE
loreto,GPE
kalilangan,GPE
laurel,GPE
toboso,GPE
santa elena,GPE
madridejos,GPE
moises padilla,GPE
roseller lim,GPE
guambog,GPE
abucay,GPE
south upi,GPE
villaba,GPE
santo tomas,GPE
nueva valencia,GPE
panitan,GPE
amadeo,GPE
proper bansud,GPE
tucuran,GPE
llanera,GPE
balabac,GPE
liloy,GPE
santa rita,GPE
carranglan,GPE
santa cruz,GPE
polanco,GPE
quezon,GPE
president quirino,GPE
claveria,GPE
aritao,GPE
matnog,GPE
bacong,GPE
puerto galera,GPE
anda,GPE
kibawe,GPE
naga,GPE
kasibu,GPE
daram,GPE
san miguel,GPE
socorro,GPE
tabogon,GPE
santa cruz,GPE
tagudin,GPE
malilipot,GPE
gonzaga,GPE
mondragon,GPE
maayon,GPE
alcala,GPE
santo tomas,GPE
lasam,GPE
la libertad,GPE
villanueva,GPE
san juan,GPE
vallehermoso,GPE
tagbina,GPE
tampakan,GPE
mobo,GPE
nabas,GPE
maddela,GPE
mambusao,GPE
lobo,GPE
maragondon,GPE
balaoan,GPE
valladolid,GPE
baã±ga,GPE
siay,GPE
leyte,GPE
panglao,GPE
rizal,GPE
taysan,GPE
cabatuan,GPE
dingras,GPE
payabon,GPE
lilio,GPE
malalag,GPE
plaridel,GPE
balud,GPE
santo niã±o,GPE
siniloan,GPE
pamplona,GPE
baco,GPE
alimodian,GPE
tago,GPE
san nicolas,GPE
poblacion,GPE
palauig,GPE
magsaysay,GPE
agoncillo,GPE
san nicolas,GPE
clarin,GPE
pamplona,GPE
veruela,GPE
kalingalan caluang,GPE
buldon,GPE
sogod,GPE
talacogon,GPE
caraga,GPE
alicia,GPE
manay,GPE
damulog,GPE
sual,GPE
san dionisio,GPE
mapandan,GPE
cabugao,GPE
basista,GPE
caluya,GPE
san fernando,GPE
bangar,GPE
margosatubig,GPE
valencia,GPE
samal,GPE
aborlan,GPE
olutanga,GPE
jamindan,GPE
maasin,GPE
real,GPE
buug,GPE
san andres,GPE
patnongon,GPE
borbon,GPE
santo domingo,GPE
tayasan,GPE
laur,GPE
bagabag,GPE
luna,GPE
san andres,GPE
luuk,GPE
mabuhay,GPE
marantao,GPE
san marcelino,GPE
tambulig,GPE
magallanes,GPE
oras,GPE
san antonio,GPE
bantay,GPE
mankayan,GPE
sitangkai,GPE
basilisa,GPE
san enrique,GPE
moalboal,GPE
imbatug,GPE
languyan,GPE
sagnay,GPE
magsaysay,GPE
canaman,GPE
manucan,GPE
san luis,GPE
aurora,GPE
numancia,GPE
enrile,GPE
cuenca,GPE
las navas,GPE
dinas,GPE
gasan,GPE
simbahan,GPE
cabanglasan,GPE
dagami,GPE
rapu-rapu,GPE
capalonga,GPE
siayan,GPE
pandan,GPE
barira,GPE
gutalac,GPE
bautista,GPE
claveria,GPE
san antonio,GPE
sibuco,GPE
matanog,GPE
jagna,GPE
casiguran,GPE
medina,GPE
guimbal,GPE
leganes,GPE
santa ana,GPE
pambujan,GPE
balasan,GPE
santa fe,GPE
mendez-nuã±ez,GPE
pola,GPE
juban,GPE
morong,GPE
sulop,GPE
allacapan,GPE
gandara,GPE
trinidad,GPE
lingig,GPE
abra de ilog,GPE
san luis,GPE
munai,GPE
payao,GPE
aloguinsan,GPE
dueã±as,GPE
milaor,GPE
laoac east,GPE
barugo,GPE
bugasong,GPE
mogpog,GPE
santa maria,GPE
abulug,GPE
jalajala,GPE
bonifacio,GPE
ballesteros,GPE
santa maria,GPE
bayog,GPE
new panamao,GPE
simunul,GPE
talayan,GPE
san manuel,GPE
tandubas,GPE
sibutu,GPE
pinukpuk,GPE
guindulman,GPE
san quintin,GPE
general nakar,GPE
dao,GPE
palapag,GPE
tabango,GPE
initao,GPE
cantilan,GPE
san remigio,GPE
tobias fornier,GPE
lianga,GPE
lupi viejo,GPE
catmon,GPE
sibagat,GPE
bacarra,GPE
naguilian,GPE
datu paglas,GPE
kadingilan,GPE
batan,GPE
capoocan,GPE
batobato,GPE
masiu,GPE
midsalip,GPE
sapa sapa,GPE
banate,GPE
getafe,GPE
columbio,GPE
san vicente,GPE
calape,GPE
vintar,GPE
dupax del norte,GPE
pandami,GPE
dipaculao,GPE
dumalinao,GPE
lumbang,GPE
dolores,GPE
badoc,GPE
matalom,GPE
diplahan,GPE
mayantoc,GPE
balindong,GPE
peã±aranda,GPE
alubijid,GPE
jimalalud,GPE
mallig,GPE
igbaras,GPE
balimbing,GPE
tubao,GPE
buguey,GPE
catubig,GPE
salug,GPE
tamparan,GPE
caramoran,GPE
bauko,GPE
malangas,GPE
claveria,GPE
polillo,GPE
mataas na kahoy,GPE
sigma,GPE
sergio osmeã±a sr,GPE
calubian,GPE
merida,GPE
ivisan,GPE
pantabangan,GPE
magsingal,GPE
lemery,GPE
president roxas,GPE
dimataling,GPE
dasol,GPE
bagac,GPE
pulupandan,GPE
buenavista,GPE
siraway,GPE
gata,GPE
paracelis,GPE
san narciso,GPE
tairan camp,GPE
san miguel,GPE
balatan,GPE
la paz,GPE
san isidro,GPE
ganassi,GPE
aglipay,GPE
gamu,GPE
anilao,GPE
torrijos,GPE
pantao-ragat,GPE
santa maria,GPE
maguing,GPE
balungao,GPE
candijay,GPE
dumalag,GPE
candelaria,GPE
balete,GPE
iguig,GPE
salay,GPE
las nieves,GPE
dauin,GPE
calintaan,GPE
padada,GPE
piagapo,GPE
marogong,GPE
makato,GPE
agno,GPE
placer,GPE
bontoc,GPE
ragan sur,GPE
san roque,GPE
buenavista,GPE
balabagan,GPE
san jacinto,GPE
zamboanguita,GPE
benito soliven,GPE
san luis,GPE
pasuquin,GPE
manticao,GPE
licab,GPE
south ubian,GPE
sumilao,GPE
kumalarang,GPE
lavezares,GPE
santo domingo,GPE
garchitorena,GPE
oslob,GPE
sexmoan,GPE
dapa,GPE
hinunangan,GPE
poona-piagapo,GPE
jimenez,GPE
lugus,GPE
tabuelan,GPE
ponot,GPE
babatngon,GPE
san manuel,GPE
ampatuan,GPE
baleno,GPE
mabini,GPE
pilar,GPE
tudela,GPE
tibiao,GPE
santiago,GPE
basay,GPE
saint bernard,GPE
doã±a remedios trinidad,GPE
valencia,GPE
magdalena,GPE
santo niã±o,GPE
kolambugan,GPE
datu piang,GPE
reina mercedes viejo,GPE
libacao,GPE
talusan,GPE
majayjay,GPE
mainit,GPE
cabangan,GPE
cuartero,GPE
aloran,GPE
bayang,GPE
talisay,GPE
san isidro,GPE
dingalan,GPE
alitagtag,GPE
mahaplag,GPE
lapuyan,GPE
zarraga,GPE
pitogo,GPE
leon postigo,GPE
villareal,GPE
bien unido,GPE
conner,GPE
macalelon,GPE
ramon magsaysay,GPE
palanas,GPE
san isidro,GPE
badiangan,GPE
magarao,GPE
san jose,GPE
taraka,GPE
saguiaran,GPE
quezon,GPE
labrador,GPE
san juan,GPE
tarragona,GPE
santa margarita,GPE
pantar,GPE
lagindingan,GPE
sapian,GPE
lauaan,GPE
bugho,GPE
san pablo,GPE
macrohon,GPE
malitbog,GPE
pandag,GPE
poro,GPE
pura,GPE
casiguran,GPE
bubong,GPE
mabini,GPE
madalum,GPE
del gallego,GPE
kayapa,GPE
santa josefa,GPE
santa lucia,GPE
manito,GPE
lamut,GPE
burgos,GPE
sinait,GPE
buenavista,GPE
san pablo,GPE
sanchez-mira,GPE
infanta,GPE
sierra bullones,GPE
socorro,GPE
bobon,GPE
dancagan,GPE
binidayan,GPE
tabina,GPE
tubay,GPE
natividad,GPE
talisayan,GPE
santa maria,GPE
tarangnan,GPE
alegria,GPE
altavas,GPE
lopez jaena,GPE
allen,GPE
ayuquitan,GPE
tipo-tipo,GPE
busuanga,GPE
unisan,GPE
sarrat,GPE
pangil,GPE
san nicolas,GPE
camalaniugan,GPE
san miguel,GPE
tumbao,GPE
talugtug,GPE
nagtipunan,GPE
paete,GPE
monreal,GPE
paoay,GPE
poblacion,GPE
kalayaan,GPE
san felipe,GPE
pagudpud,GPE
quirino,GPE
dimasalang,GPE
ternate,GPE
general luna,GPE
baroy,GPE
balete,GPE
san enrique,GPE
solsona,GPE
piat,GPE
jabonga,GPE
tugaya,GPE
santo tomas,GPE
pamplona,GPE
lucena,GPE
tamilisan,GPE
patian,GPE
tuburan,GPE
burdeos,GPE
sagbayan,GPE
carrascal,GPE
malinao,GPE
garcia hernandez,GPE
bacolod,GPE
mina,GPE
kauswagan,GPE
alicia,GPE
lagonglong,GPE
caibiran,GPE
ramain,GPE
san fernando,GPE
san agustin,GPE
quezon,GPE
bulusan,GPE
magallanes,GPE
cavinti,GPE
pitogo,GPE
tangalan,GPE
catigbian,GPE
limbuhan,GPE
pakil,GPE
burgos,GPE
kalawit,GPE
candoni,GPE
padre burgos,GPE
baliguian,GPE
ramos,GPE
cuyo,GPE
caba,GPE
dumaran,GPE
gamay,GPE
maibog,GPE
maigo,GPE
barbasa,GPE
calamba,GPE
general luna,GPE
calbiga,GPE
cajidiocan,GPE
tubungan,GPE
culion,GPE
carmen,GPE
baclayon,GPE
pitogo,GPE
prieto diaz,GPE
viga,GPE
oteiza,GPE
lumbatan,GPE
santa teresita,GPE
butig,GPE
lazi,GPE
magallanes,GPE
parabcan,GPE
sarangani,GPE
naawan,GPE
piddig,GPE
batad,GPE
santa fe,GPE
maribojoc,GPE
san jose,GPE
anini-y,GPE
salcedo,GPE
bato,GPE
san agustin,GPE
madamba,GPE
gigaquit,GPE
guipos,GPE
looc,GPE
macarthur,GPE
cabucgayan,GPE
san fernando,GPE
tigbao,GPE
cagwait,GPE
can-avid,GPE
rancheria payau,GPE
pandan,GPE
tolosa,GPE
inopacan,GPE
clarin,GPE
linamon,GPE
mabitac,GPE
llorente,GPE
kitcharao,GPE
ronda,GPE
luna,GPE
barcelona,GPE
lugait,GPE
dupax del sur,GPE
hindang,GPE
aguinaldo,GPE
luna,GPE
luisiana,GPE
banting,GPE
san guillermo,GPE
samboan,GPE
kawayan,GPE
banaue,GPE
sapang dalaga,GPE
caoayan,GPE
kapay,GPE
magsaysay,GPE
piã±an,GPE
danao,GPE
villa verde,GPE
del carmen,GPE
dagohoy,GPE
malabuyoc,GPE
valderrama,GPE
mulundo,GPE
san miguel,GPE
santiago,GPE
san miguel,GPE
sinacaban,GPE
tigbauan,GPE
tingloy,GPE
santa teresita,GPE
cabusao,GPE
pugo,GPE
rizal,GPE
tublay,GPE
pastrana,GPE
buruanga,GPE
siruma,GPE
cervantes,GPE
espiritu,GPE
marihatag,GPE
alcoy,GPE
jiabong,GPE
tadian,GPE
la paz,GPE
kapangan,GPE
diadi,GPE
atok,GPE
rizal,GPE
san teodoro,GPE
lumbayanague,GPE
san gabriel,GPE
malimono,GPE
duero,GPE
santander,GPE
cortes,GPE
candon,GPE
rizal,GPE
sebaste,GPE
madalag,GPE
taft,GPE
nunuã±gan,GPE
balilihan,GPE
paglat,GPE
baliangao,GPE
bilar,GPE
bombon,GPE
paluan,GPE
tinoc,GPE
mayorga,GPE
cagdianao,GPE
gitagum,GPE
santa fe,GPE
almeria,GPE
marcos,GPE
pinabacdao,GPE
san jose,GPE
loay,GPE
libjo,GPE
buadiposo-buntong,GPE
bucay,GPE
santa fe,GPE
anda,GPE
cortes,GPE
san rafael,GPE
flora,GPE
marabut,GPE
jovellar,GPE
biliran,GPE
catarman,GPE
pinili,GPE
esperanza,GPE
kiangan,GPE
loboc,GPE
sibutao,GPE
palanan,GPE
matagob,GPE
libertad,GPE
boljoon,GPE
san jorge,GPE
lubang,GPE
tagana-an,GPE
santa magdalena,GPE
alcantara,GPE
saguday,GPE
calayan,GPE
alcantara,GPE
sudipen,GPE
tomas oppus,GPE
dilasag,GPE
ginatilan,GPE
famy,GPE
tubaran,GPE
la paz,GPE
madrid,GPE
san juan,GPE
zumarraga,GPE
san miguel,GPE
arteche,GPE
panukulan,GPE
alegria,GPE
bingawan,GPE
leso,GPE
alabat,GPE
tankal,GPE
quezon,GPE
despujols,GPE
san tomas,GPE
santa catalina,GPE
julita,GPE
kabayan,GPE
sulat,GPE
san miguel,GPE
mayoyao,GPE
anao-aon,GPE
ambaguio,GPE
san policarpo,GPE
magdiwang,GPE
pudtol,GPE
victoria,GPE
libagon,GPE
tubod,GPE
motiong,GPE
maydolong,GPE
tagoloan,GPE
rizal,GPE
silvino lobos,GPE
patnanungan,GPE
bangui,GPE
santa,GPE
tatarikan,GPE
antequera,GPE
tayum,GPE
mahinog,GPE
matungao,GPE
san juan,GPE
calanogas,GPE
lagangilang,GPE
bacuag,GPE
dimiao,GPE
san julian,GPE
batuan,GPE
belison,GPE
nampicuan,GPE
larena,GPE
lope de vega,GPE
quinapundan,GPE
boston,GPE
maria,GPE
pualas,GPE
bakun,GPE
bagulin,GPE
sison,GPE
general macarthur,GPE
araceli,GPE
bokod,GPE
kinogitan,GPE
balangiga,GPE
mapanas,GPE
santol,GPE
san vicente,GPE
batuan,GPE
sampaloc,GPE
hinabangan,GPE
lanuza,GPE
dakit,GPE
baras,GPE
libertad,GPE
san clemente,GPE
santa marcela,GPE
giporlos,GPE
agutaya,GPE
tinglayan,GPE
silago,GPE
agdangan,GPE
culaba,GPE
sagay,GPE
lawaan,GPE
burgos,GPE
perez,GPE
santo niã±o,GPE
balbalan,GPE
pilar,GPE
magsaysay,GPE
san vicente,GPE
pidigan,GPE
anao,GPE
capul,GPE
tagoloan,GPE
hinundayan,GPE
currimao,GPE
calanasan,GPE
lila,GPE
josefina,GPE
tabontabon,GPE
gainza,GPE
agcogon,GPE
lapinig,GPE
nueva era,GPE
mutia,GPE
carmen,GPE
dolores,GPE
biri,GPE
manabo,GPE
sablan,GPE
alburquerque,GPE
sagada,GPE
tudela,GPE
padre burgos,GPE
sevilla,GPE
calatrava,GPE
rosario,GPE
bagamanoc,GPE
salcedo,GPE
balingoan,GPE
panaon,GPE
san juan,GPE
suyo,GPE
burgos,GPE
san ricardo,GPE
dinagat,GPE
pasil,GPE
galimuyod,GPE
pilar,GPE
pintuyan,GPE
corcuera,GPE
plaridel,GPE
natonin,GPE
pilar,GPE
balangkayan,GPE
sugbongkogon,GPE
hingyon,GPE
san isidro,GPE
panganiban,GPE
sabangan,GPE
corella,GPE
loreto,GPE
santa monica,GPE
almagro,GPE
lubuagan,GPE
quirino,GPE
concepcion,GPE
san antonio,GPE
burgos,GPE
tagapul-an,GPE
bayabas,GPE
san sebastian,GPE
san ildefonso,GPE
hunduan,GPE
san esteban,GPE
tanudan,GPE
gigmoto,GPE
san isidro,GPE
hernani,GPE
tunga,GPE
anahawan,GPE
alfonso castaã±eda,GPE
sadanga,GPE
hipadpad,GPE
ferrol,GPE
banayoyo,GPE
libertad,GPE
pagsanghan,GPE
tubajon,GPE
talalora,GPE
looc,GPE
rizal,GPE
san jose de buan,GPE
binuangan,GPE
alilem,GPE
matuguinao,GPE
san vicente,GPE
san emilio,GPE
cagayancillo,GPE
peã±arrubia,GPE
sikatuna,GPE
limasawa,GPE
guinisiliban,GPE
enrique villanueva,GPE
besao,GPE
maripipi,GPE
luba,GPE
sallapadan,GPE
mercedes,GPE
jones,GPE
divilaca,GPE
dinapigue,GPE
san quintin,GPE
san benito,GPE
villaviciosa,GPE
tubo,GPE
taganak,GPE
nagbukel,GPE
maslog,GPE
cimarrones festival,EVT
lubid festival,EVT
pili festival,EVT
fiesta tsinoy,EVT
kuyamis festival,EVT
diyandi festival,EVT
feast of the black nazarene,EVT
pasalamat festival,EVT
sinulog festival,EVT
ati – atihan festival,EVT
karanowan fish-tival,EVT
cagsawa festival,EVT
national arts month: bikol arts festival (nam:baf),EVT
festival of lights tangub city charter day,EVT
nangkaan festival,EVT
sunggod ta kamanga,EVT
patunob festival,EVT
sibug-sibug festival and founding anniversary of zamboanga sibugay province,EVT
seafoods festival,EVT
mahaguyog festival,EVT
ligao sunflower festival,EVT
alimango festival,EVT
malasimbo festival,EVT
unesco-iti world theater week,EVT
island garden city of samal festival,EVT
anibina bulawanun festival,EVT
holy week,EVT
moriones festival,EVT
centurion festival,EVT
ang pagtaltal,EVT
isla carahan festival,EVT
alinao festival,EVT
mananap festival,EVT
rodeo festival,EVT
bantayog festival,EVT
hugyaw sa kadagatan,EVT
panaad,EVT
sakayan festival,EVT
moriones festival,EVT
centurion festival,EVT
abaca festival,EVT
layag festival,EVT
kaogma festival,EVT
sarung banggi festival,EVT
pasa pasa festival,EVT
butanding festival,EVT
isla rancho festival,EVT
palong festival,EVT
alinsangan “bowa-bowahan” festival,EVT
p’gsalabuk festival,EVT
naro festival,EVT
pulang-angui festival,EVT
tabak festival,EVT
pinyasan festival,EVT
ginubat festival,EVT
pinangat festival,EVT
kamalig festival,EVT
san juan sa hibok-hibok festival,EVT
lechonan sa baroy,EVT
saulog festival,EVT
libon paroy festival,EVT
magalleones festival,EVT
grand kaliga festival,EVT
subayan keg subanen festival,EVT
spring festival,EVT
pagoda festival,EVT
sublian sa batangas,EVT
kinabayo festival,EVT
sinulog de tanjay festival,EVT
kahimoan abayan festival,EVT
guinobatan longganisa festival,EVT
tig-aw festival,EVT
coron festival,EVT
mercedes kadagatan festival,EVT
higalaay festival,EVT
kumbira culinary show and live competitions,EVT
pangapog festival,EVT
pangasinan bamboo festival,EVT
mercedes fishtival,EVT
ibalong festival,EVT
lapay bantigue dance festival,EVT
traslacion (penafrancia festival),EVT
busig-on festival,EVT
diyandi festival sa iligan,EVT
dahunog sa dipolog,EVT
aurora festival,EVT
hin-ay festival,EVT
bicol food festival,EVT
sarakiki festival,EVT
t’boli tribal festival,EVT
catandungan,EVT
rahugan festival,EVT
mambulawan festival,EVT
parau festival,EVT
unod festival,EVT
kamgbegu festival (fest of the harvest),EVT
halaran,EVT
universal children’s festival,EVT
masskara festival,EVT
zamboanga hermosa festival,EVT
lambat festival,EVT
guipao festival,EVT
pintaflores,EVT
kalag-kalag festival,EVT
sanduguan festival,EVT
feast of san clemente/ gigantes,EVT
p’yagsawitan festival,EVT
kawayanan festival,EVT
santa ipon festival,EVT
day-ang di onga festival,EVT
christmas symbols,EVT
kahumayan festival,EVT
paskuhan sa barangay,EVT
san fernando giant lantern festival,EVT
kamundagan festival,EVT
subayan keg subanon,EVT
pasko sa tanjay festival,EVT
fiesta de agoo,EVT
sinadya,EVT
hanging of the green,EVT
mary,PER
maria,PER
john,PER
jose,PER
mark,PER
michael,PER
joel,PER
romeo,PER
antonio,PER
reynaldo,PER
jocelyn,PER
rolando,PER
danilo,PER
joseph,PER
richard,PER
rogelio,PER
teresita,PER
eduardo,PER
roberto,PER
maricel,PER
evelyn,PER
josephine,PER
ronald,PER
rodolfo,PER
ernesto,PER
mario,PER
edwin,PER
marilyn,PER
rowena,PER
alfredo,PER
erlinda,PER
jennifer,PER
noel,PER
ricardo,PER
jonathan,PER
allan,PER
francisco,PER
marites,PER
arnel,PER
marlon,PER
gina,PER
michelle,PER
renato,PER
jerry,PER
elizabeth,PER
marilou,PER
gloria,PER
jeffrey,PER
manuel,PER
ryan,PER
alvin,PER
virginia,PER
fernando,PER
christopher,PER
ariel,PER
jaime,PER
christian,PER
dennis,PER
jesus,PER
jayson,PER
rosemarie,PER
edgar,PER
randy,PER
alberto,PER
arlene,PER
lolita,PER
robert,PER
jimmy,PER
rey,PER
marvin,PER
analyn,PER
pedro,PER
arnold,PER
elmer,PER
wilfredo,PER
norma,PER
alma,PER
helen,PER
rodrigo,PER
cristina,PER
roger,PER
nestor,PER
vicente,PER
myrna,PER
imelda,PER
lourdes,PER
nelson,PER
irene,PER
jessie,PER
corazon,PER
leonardo,PER
ricky,PER
domingo,PER
rosita,PER
ana,PER
rodel,PER
evangeline,PER
edgardo,PER
ruben,PER
marissa,PER
joan,PER
elena,PER
gemma,PER
marivic,PER
lorna,PER
grace,PER
benjamin,PER
rosalie,PER
armando,PER
felix,PER
julie,PER
vilma,PER
ramon,PER
nenita,PER
virgilio,PER
alex,PER
zenaida,PER
albert,PER
catherine,PER
efren,PER
edna,PER
erwin,PER
melanie,PER
gilbert,PER
anthony,PER
ronnie,PER
jay,PER
susan,PER
rommel,PER
joselito,PER
julius,PER
victor,PER
ruel,PER
rose,PER
juanito,PER
alexander,PER
fe,PER
jenny,PER
rosalinda,PER
rene,PER
henry,PER
cesar,PER
cherry,PER
maribel,PER
eric,PER
emma,PER
salvador,PER
dominador,PER
remedios,PER
josefina,PER
joy,PER
ramil,PER
carlito,PER
francis,PER
daniel,PER
joey,PER
dante,PER
lilia,PER
james,PER
anita,PER
milagros,PER
lydia,PER
rebecca,PER
emily,PER
juan,PER
daisy,PER
sarah,PER
alejandro,PER
anna,PER
leo,PER
janice,PER
carlos,PER
rosario,PER
carmelita,PER
victoria,PER
delia,PER
samuel,PER
william,PER
julieta,PER
editha,PER
ferdinand,PER
emmanuel,PER
cecilia,PER
rolly,PER
christine,PER
aida,PER
yolanda,PER
roy,PER
ronaldo,PER
rosalina,PER
jessica,PER
jomar,PER
jean,PER
eddie,PER
orlando,PER
alicia,PER
gregorio,PER
leonora,PER
violeta,PER
raul,PER
jerome,PER
bernardo,PER
liza,PER
felipe,PER
melvin,PER
elsa,PER
oscar,PER
rafael,PER
angelito,PER
bonifacio,PER
raquel,PER
larry,PER
aileen,PER
karen,PER
analiza,PER
bryan,PER
lea,PER
wilma,PER
marlyn,PER
raymond,PER
arturo,PER
marie,PER
judith,PER
jovelyn,PER
susana,PER
romulo,PER
nancy,PER
april,PER
dolores,PER
george,PER
nora,PER
angelita,PER
may,PER
melchor,PER
ruby,PER
salvacion,PER
jonalyn,PER
luzviminda,PER
juliet,PER
paul,PER
lilibeth,PER
mylene,PER
elvira,PER
roselyn,PER
margie,PER
juanita,PER
janet,PER
romel,PER
fatima,PER
shirley,PER
leah,PER
glenn,PER
roel,PER
geraldine,PER
jason,PER
mercy,PER
federico,PER
lorena,PER
wilson,PER
jenelyn,PER
darwin,PER
leonila,PER
lucia,PER
thelma,PER
eva,PER
leticia,PER
estrella,PER
shiela,PER
sheryl,PER
angelo,PER
gerald,PER
pablo,PER
marina,PER
johnny,PER
marcelo,PER
angelica,PER
sonny,PER
roderick,PER
marcelino,PER
rudy,PER
elisa,PER
elsie,PER
marjorie,PER
oliver,PER
agnes,PER
sheila,PER
teresa,PER
danny,PER
gerry,PER
judy,PER
charlie,PER
ian,PER
hazel,PER
roland,PER
rhea,PER
renante,PER
arlyn,PER
peter,PER
marife,PER
myra,PER
gerardo,PER
carlo,PER
angelina,PER
flordeliza,PER
lito,PER
rico,PER
jessa,PER
diana,PER
regina,PER
edward,PER
vivian,PER
nida,PER
kenneth,PER
andres,PER
ofelia,PER
luis,PER
kristine,PER
carmen,PER
jane,PER
ruth,PER
merlyn,PER
elma,PER
amelia,PER
lorenzo,PER
nelia,PER
loreto,PER
rex,PER
ronie,PER
freddie,PER
aurora,PER
clarita,PER
melinda,PER
diosdado,PER
nilo,PER
veronica,PER
concepcion,PER
divina,PER
enrique,PER
adelaida,PER
dexter,PER
benjie,PER
luz,PER
conrado,PER
rosa,PER
ivy,PER
ronel,PER
conchita,PER
norberto,PER
jun,PER
aiza,PER
annabelle,PER
miguel,PER
cynthia,PER
angel,PER
rachel,PER
vincent,PER
abdul,PER
leopoldo,PER
glenda,PER
florencio,PER
flora,PER
crisanto,PER
dionisio,PER
riza,PER
mercedes,PER
sherwin,PER
maricris,PER
melody,PER
margarita,PER
eden,PER
bernard,PER
maricar,PER
teodoro,PER
francisca,PER
sonia,PER
jasmin,PER
magdalena,PER
vanessa,PER
jan,PER
cheryl,PER
sharon,PER
david,PER
liezel,PER
celso,PER
josie,PER
marcelina,PER
juvy,PER
princess,PER
aldrin,PER
maximo,PER
mila,PER
narciso,PER
rosie,PER
annie,PER
artemio,PER
louie,PER
ailyn,PER
mariano,PER
emelita,PER
mohammad,PER
estelita,PER
kevin,PER
arvin,PER
adrian,PER
arsenio,PER
isidro,PER
merlita,PER
bernadette,PER
leonida,PER
joven,PER
manilyn,PER
linda,PER
guillermo,PER
norman,PER
catalina,PER
beverly,PER
natividad,PER
nilda,PER
merly,PER
ester,PER
omar,PER
loreta,PER
gil,PER
merlinda,PER
pacita,PER
bienvenido,PER
julito,PER
niño,PER
felisa,PER
ligaya,PER
alfonso,PER
roldan,PER
chona,PER
elvie,PER
mercedita,PER
edilberto,PER
amalia,PER
letecia,PER
arthur,PER
benito,PER
zaldy,PER
jefferson,PER
mae,PER
neil,PER
joshua,PER
eugene,PER
rufino,PER
enrico,PER
perlita,PER
lina,PER
rochelle,PER
julita,PER
melissa,PER
kimberly,PER
frederick,PER
arnulfo,PER
nena,PER
sittie,PER
donna,PER
luisa,PER
ronilo,PER
patrick,PER
felicidad,PER
martin,PER
florencia,PER
jovita,PER
pablito,PER
mildred,PER
rosalyn,PER
noli,PER
loida,PER
adelina,PER
avelino,PER
eugenio,PER
raymundo,PER
joyce,PER
angela,PER
philip,PER
tomas,PER
janeth,PER
reynante,PER
jhon,PER
jorge,PER
lovely,PER
herminia,PER
gabriel,PER
maribeth,PER
tessie,PER
teodora,PER
bobby,PER
perla,PER
carolina,PER
nelly,PER
patricia,PER
lanie,PER
amelita,PER
ellen,PER
ronnel,PER
jenalyn,PER
dominga,PER
edison,PER
rosalia,PER
ronalyn,PER
julio,PER
jacqueline,PER
emilio,PER
archie,PER
trinidad,PER
kim,PER
brenda,PER
cristy,PER
ginalyn,PER
rita,PER
ralph,PER
meriam,PER
andrea,PER
elenita,PER
annaliza,PER
alan,PER
santiago,PER
regie,PER
ernie,PER
marietta,PER
amado,PER
irish,PER
joemar,PER
june,PER
jinky,PER
pepito,PER
avelina,PER
sergio,PER
baby,PER
teofilo,PER
rona,PER
eliza,PER
estela,PER
esperanza,PER
bernie,PER
isabel,PER
nicolas,PER
gladys,PER
jesusa,PER
charito,PER
isagani,PER
joanna,PER
nerissa,PER
roque,PER
soledad,PER
harold,PER
adela,PER
ireneo,PER
belen,PER
luisito,PER
sitti,PER
juliana,PER
ben,PER
belinda,PER
monica,PER
andrew,PER
emelyn,PER
nicanor,PER
florentino,PER
ali,PER
jojo,PER
agustin,PER
brian,PER
jonel,PER
rodelio,PER
marcial,PER
antonia,PER
katherine,PER
alona,PER
beatriz,PER
delfin,PER
benedicto,PER
garry,PER
jerson,PER
marieta,PER
crispin,PER
abraham,PER
mariam,PER
sally,PER
maryjane,PER
raffy,PER
amy,PER
venus,PER
rachelle,PER
annalyn,PER
raymund,PER
olivia,PER
lucila,PER
franklin,PER
emilia,PER
aisa,PER
ismael,PER
rufina,PER
gary,PER
andy,PER
rowel,PER
noemi,PER
elpidio,PER
moises,PER
leslie,PER
hilda,PER
dina,PER
aurelio,PER
fely,PER
cris,PER
cristine,PER
eliseo,PER
edmundo,PER
cornelio,PER
feliciano,PER
mirasol,PER
rhodora,PER
florante,PER
allen,PER
celia,PER
leny,PER
julian,PER
richelle,PER
myla,PER
charles,PER
marc,PER
liezl,PER
jay-ar,PER
arman,PER
melba,PER
narcisa,PER
joanne,PER
fidel,PER
tito,PER
arsenia,PER
marcos,PER
arjay,PER
sammy,PER
asuncion,PER
mariel,PER
godofredo,PER
hilario,PER
joana,PER
rizza,PER
romy,PER
jordan,PER
juana,PER
willy,PER
cresencia,PER
saturnino,PER
lita,PER
minda,PER
ramel,PER
sandra,PER
patricio,PER
marcela,PER
demetrio,PER
manolito,PER
leonard,PER
genalyn,PER
apolinario,PER
ann,PER
bernabe,PER
jeric,PER
lucita,PER
maritess,PER
lilian,PER
jerwin,PER
reymond,PER
jovito,PER
amina,PER
elias,PER
miriam,PER
girlie,PER
marita,PER
aurelia,PER
pamela,PER
joe,PER
julia,PER
paulino,PER
anabel,PER
carmela,PER
mike,PER
marlene,PER
abegail,PER
dario,PER
crisanta,PER
sylvia,PER
betty,PER
lester,PER
edmar,PER
virgie,PER
lerma,PER
russel,PER
consolacion,PER
noraisa,PER
nasser,PER
fortunato,PER
geronimo,PER
nimfa,PER
florentina,PER
warlito,PER
marisa,PER
rosana,PER
amparo,PER
josefa,PER
victoriano,PER
anabelle,PER
h,PER
caridad,PER
stephen,PER
abelardo,PER
angeline,PER
roman,PER
jake,PER
dave,PER
marichu,PER
jaypee,PER
daryl,PER
glen,PER
pilar,PER
argie,PER
tirso,PER
jenifer,PER
jovy,PER
abigail,PER
marian,PER
anecita,PER
billy,PER
dionesio,PER
ignacio,PER
dindo,PER
jona,PER
marciano,PER
augusto,PER
marco,PER
florence,PER
araceli,PER
renalyn,PER
lucy,PER
restituto,PER
minerva,PER
romnick,PER
roxanne,PER
gaudencio,PER
rosendo,PER
eugenia,PER
zosimo,PER
ely,PER
cirilo,PER
al,PER
criselda,PER
sandy,PER
rea,PER
gregoria,PER
catalino,PER
adonis,PER
aries,PER
charmaine,PER
vicenta,PER
emerson,PER
benigno,PER
merry,PER
madelyn,PER
victorino,PER
dan,PER
emely,PER
florida,PER
jennelyn,PER
gretchen,PER
adoracion,PER
elaine,PER
paulo,PER
salome,PER
marianne,PER
samson,PER
macario,PER
napoleon,PER
maxima,PER
janette,PER
katrina,PER
sanny,PER
analie,PER
lucena,PER
donald,PER
santos,PER
lino,PER
felicitas,PER
jacinto,PER
cindy,PER
kathleen,PER
jonas,PER
manny,PER
ibrahim,PER
amor,PER
alice,PER
sofia,PER
mamerto,PER
lily,PER
severino,PER
annabel,PER
regine,PER
janine,PER
camille,PER
junrey,PER
camilo,PER
alexis,PER
nathaniel,PER
jeanette,PER
bernadeth,PER
claire,PER
eleanor,PER
rosanna,PER
herbert,PER
edmund,PER
hector,PER
bella,PER
froilan,PER
normina,PER
maureen,PER
genelyn,PER
eusebio,PER
charlene,PER
herminio,PER
carl,PER
donato,PER
anastacia,PER
lemuel,PER
alfred,PER
tita,PER
walter,PER
benita,PER
richel,PER
lenie,PER
carmencita,PER
carina,PER
genaro,PER
ponciano,PER
warren,PER
aaron,PER
leonisa,PER
epifania,PER
desiree,PER
carol,PER
laila,PER
emelia,PER
anastacio,PER
sheena,PER
abdullah,PER
leonilo,PER
angelie,PER
ivan,PER
romualdo,PER
rowell,PER
aurea,PER
gilda,PER
rodelyn,PER
lyn,PER
niña,PER
jade,PER
gerlie,PER
alfie,PER
iluminada,PER
lady,PER
rio,PER
vicky,PER
carla,PER
leonor,PER
rodulfo,PER
abner,PER
faustino,PER
nieves,PER
christina,PER
perfecto,PER
stephanie,PER
robin,PER
clarissa,PER
joemarie,PER
lloyd,PER
theresa,PER
modesto,PER
eufemia,PER
anecito,PER
honey,PER
apolonio,PER
francia,PER
pio,PER
ray,PER
celestino,PER
emiliano,PER
agapito,PER
joebert,PER
consuelo,PER
danica,PER
angeles,PER
cristita,PER
lani,PER
jerald,PER
esmeralda,PER
eleuterio,PER
felipa,PER
cresencio,PER
rina,PER
lauro,PER
teddy,PER
juvelyn,PER
jelly,PER
anne,PER
socorro,PER
roselle,PER
paquito,PER
winnie,PER
bartolome,PER
mateo,PER
isabelita,PER
simeon,PER
leoncio,PER
priscilla,PER
richie,PER
eleonor,PER
rolan,PER
adriano,PER
reynald,PER
herman,PER
cristopher,PER
ria,PER
ruperto,PER
alejandra,PER
genevieve,PER
rhoda,PER
remegio,PER
racquel,PER
paz,PER
adelfa,PER
shella,PER
venancio,PER
noraida,PER
baltazar,PER
luzminda,PER
lalaine,PER
generoso,PER
ritchel,PER
luciano,PER
reggie,PER
dioscoro,PER
esther,PER
salve,PER
hannah,PER
babylyn,PER
remy,PER
esmael,PER
paterno,PER
edelyn,PER
julieto,PER
cyril,PER
reynold,PER
jonard,PER
rizalina,PER
cesario,PER
marciana,PER
basilio,PER
lucio,PER
christy,PER
marlo,PER
lolito,PER
bernardita,PER
apple,PER
jennylyn,PER
justine,PER
ericson,PER
filomena,PER
tony,PER
connie,PER
jobert,PER
eloisa,PER
anisa,PER
karl,PER
esteban,PER
jovencio,PER
junie,PER
ailene,PER
merlina,PER
florita,PER
teofila,PER
flor,PER
paulina,PER
prudencio,PER
angie,PER
simplicio,PER
arceli,PER
leonarda,PER
reymark,PER
felomina,PER
monaliza,PER
jerico,PER
esterlita,PER
epifanio,PER
eunice,PER
laura,PER
rocky,PER
cecilio,PER
melecio,PER
ovp,ORG
hudcc,ORG
ops,ORG
dar,ORG
doa,ORG
dbm,ORG
deped,ORG
doe,ORG
denr,ORG
dof,ORG
dfa,ORG
doh,ORG
dilg,ORG
doj,ORG
dole,ORG
dnd,ORG
dpwh,ORG
dost,ORG
dswd,ORG
dot,ORG
dti,ORG
dotc,ORG
ched,ORG
ccc,ORG
cfo,ORG
gcg,ORG
mmda,ORG
minda,ORG
napc,ORG
ncmf,ORG
neda,ORG
nsc,ORG
polad,ORG
cplc,ORG
pafsam,ORG
parr,ORG
opapp,ORG
pcdspo,ORG
pcoo,ORG
pllo,ORG
pms,ORG
srp,ORG
tesda,ORG
office of the vice president,ORG
housing and urban development coordinating council,ORG
executive office,ORG
office of the presidential spokesperson,ORG
office of the cabinet secretary,ORG
department of agrarian reform,ORG
department of agriculture,ORG
department of budget and management,ORG
department of education,ORG
department of energy,ORG
department of environment and natural resources,ORG
department of finance,ORG
department of foreign affairs,ORG
department of health,ORG
department of the interior and local government,ORG
department of justice,ORG
department of labor and employment,ORG
department of national defense,ORG
department of public works and highways,ORG
department of science and technology,ORG
department of social welfare and development,ORG
department of tourism,ORG
department of trade and industry,ORG
department of transportation and communications,ORG
commission on higher education,ORG
climate change commission,ORG
commission on filipino overseas,ORG
governance commission for goccâ€™s,ORG
metropolitan manila development authority,ORG
mindanao development authority,ORG
national anti-poverty commission,ORG
national commission on muslim filipinos,ORG
national economic and development authority,ORG
national security council,ORG
office of the political adviser,ORG
office of the chief presidential legal counsel,ORG
office of the presidential assistant for food security and agricultural modernization,ORG
office of the presidential assistant for rehabilitation and recovery,ORG
office of the presidential adviser on the peace process,ORG
presidential communications development and strategic planning office,ORG
presidential communications operations office,ORG
presidential legislative liaison office,ORG
presidential management staff,ORG
technical education and skills development authority,ORG
new year's day,EVT
chinese new year,EVT
people power revolution,EVT
davao city day,EVT
the day of valor,EVT
maundy thursday,EVT
good friday,EVT
black saturday,EVT
labor day,EVT
eid'l fitr,EVT
independence day,EVT
manila day,EVT
eidul adha,EVT
birthday of manuel l quezon,EVT
ninoy aquino day,EVT
national heroes' day,EVT
all saints' day,EVT
all souls' day,EVT
bonifacio day,EVT
immaculate conception day,EVT
christmas eve,EVT
christmas day,EVT
rizal day,EVT
new year's eve,EVT
sm investments corporation,ORG
banco de oro,ORG
top frontier investment holdings,ORG
ayala corporation,ORG
lt group,ORG
metropolitan bank and trust company,ORG
2go,ORG
2go (cargo airline),ORG
2go group,ORG
aboitiz equity ventures,ORG
abs-cbn,ORG
abs-cbn convergence,ORG
abs-cbn publishing,ORG
advanced contact solutions,ORG
adventist medical center manila,ORG
airasia zest,ORG
al-amanah islamic bank,ORG
alaska milk corporation,ORG
aliw broadcasting corporation,ORG
all youth channels,ORG
allied bank,ORG
armscor,ORG
asia brewery,ORG
asia united bank,ORG
asian hospital and medical center,ORG
asian television content corporation,ORG
asian vision,ORG
ayala corporation,ORG
ayala land,ORG
ayala malls,ORG
banco de oro,ORG
bank of commerce,ORG
bank of the philippine islands,ORG
bayan telecommunications,ORG
bombo radyo philippines,ORG
brigada mass media corporation,ORG
broadcast enterprises and affiliated media,ORG
cebgo,ORG
cebu pacific,ORG
cebu landmasters,ORG
cebuana lhuillier,ORG
century properties,ORG
cherry mobile,ORG
chinabank,ORG
chooks-to-go,ORG
chowking,ORG
christian era broadcasting service international,ORG
"cibi information, inc",ORG
cignal tv,ORG
citystate savings bank,ORG
converge ict solutions,ORG
cotabato light and power company,ORG
creative programs,ORG
davao doctors hospital,ORG
davao light and power company,ORG
de la salle medical and health sciences institute,ORG
del monte motors,ORG
delta motors corporation,ORG
destiny cable,ORG
development bank of the philippines,ORG
digify inc.,ORG
digital5,ORG
digital telecommunications philippines,ORG
dito telecommunity,ORG
dmci homes,ORG
dream satellite tv,ORG
dwao-tv,ORG
dzce-tv,ORG
eagle broadcasting corporation,ORG
eastern telecommunications philippines,ORG
eastwest bank,ORG
energy development corporation,ORG
enfant philippines,ORG
epldt ventus,ORG
ever gotesco malls,ORG
fil-asian airways,ORG
filinvest,ORG
first philippine holdings corporation,ORG
g sat,ORG
gerry's grill,ORG
globe telecom,ORG
gma artist center,ORG
gma network films,ORG
gma new media,ORG
gma network,ORG
gma records,ORG
gma worldwide,ORG
go nuts donuts,ORG
"integrated micro-electronics, inc.",ORG
intercontinental broadcasting corporation,ORG
interisland airlines,ORG
isetann department store,ORG
jg summit holdings,ORG
jollibee,ORG
land bank of the philippines,ORG
lbc express,ORG
lopez holdings corporation,ORG
lung center of the philippines,ORG
macay holdings,ORG
makati medical center,ORG
malaya,ORG
mang inasal,ORG
manila broadcasting company,ORG
manila bulletin,ORG
manila hotel,ORG
manila north tollways corporation,ORG
manila standard,ORG
manila times,ORG
manila water,ORG
max's of manila,ORG
maynilad water services,ORG
mediaquest holdings,ORG
megaworld corporation,ORG
megaworld lifestyle malls,ORG
meralco,ORG
mercury drug,ORG
metro retail stores group,ORG
metropolitan bank and trust company,ORG
metropolitan medical center,ORG
mighty corporation,ORG
monde nissin,ORG
myphone,ORG
nation broadcasting corporation,ORG
national book store,ORG
national grid corporation of the philippines,ORG
national kidney and transplant institute,ORG
national power corporation,ORG
national transmission corporation,ORG
negros navigation,ORG
net 25,ORG
nicanor reyes medical foundation,ORG
nine media corporation,ORG
now corporation,ORG
one network bank,ORG
ospital ng maynila medical center,ORG
our lady of lourdes hospital,ORG
ovation productions,ORG
o shopping,ORG
pacific pearl airways,ORG
pal express,ORG
people's television network,ORG
petron corporation,ORG
philippine airlines (pal),ORG
philippine amusement and gaming corporation,ORG
philippine bank of communications,ORG
philippine broadcasting service,ORG
philippine business bank,ORG
philippine collective media corporation,ORG
philippine daily inquirer,ORG
philippine general hospital,ORG
philippine heart center,ORG
philippine national bank,ORG
philippine national construction corporation,ORG
philippine national oil company,ORG
philippines airasia,ORG
philippine savings bank,ORG
philippine telegraph and telephone corporation,ORG
philippine veterans bank,ORG
philtrust bank,ORG
phoenix petroleum,ORG
planters development bank,ORG
play innovations,ORG
pldt,ORG
pmftc,ORG
progressive broadcasting corporation,ORG
property company of friends,ORG
quest broadcasting,ORG
radio corporation of the philippines,ORG
radio mindanao network,ORG
radio philippines network,ORG
rajah broadcasting network,ORG
rappler,ORG
red mobile,ORG
red ribbon,ORG
regal entertainment,ORG
republic biscuit corporation,ORG
rfm corporation,ORG
rizal commercial banking corporation,ORG
robinsons malls,ORG
san juan de dios hospital,ORG
san miguel brewery,ORG
san miguel corporation,ORG
sarao motors,ORG
seaoil philippines,ORG
security bank,ORG
sky,ORG
sky pasada,ORG
skyjet airlines,ORG
sm investments corporation,ORG
sm prime holdings,ORG
sm supermalls,ORG
smart communications,ORG
solar entertainment corporation,ORG
sonshine media network international,ORG
south star drug,ORG
southern broadcasting network,ORG
southern philippines medical center,ORG
spirit of manila airlines,ORG
st. luke's medical center,ORG
sta. lucia land inc.,ORG
star cinema,ORG
star magic,ORG
star music,ORG
starmobile,ORG
summit media,ORG
sun cellular,ORG
supercat fast ferry corporation (sffc),ORG
superferry,ORG
tape inc.,ORG
tap digital media ventures corporation,ORG
the daily tribune,ORG
the philippine star,ORG
the sm store,ORG
tiger 22 media corporation,ORG
tm,ORG
tnt,ORG
tokyo tokyo,ORG
top frontier investment holdings,ORG
tv5 network,ORG
udenna corporation,ORG
union bank of the philippines,ORG
united coconut planters bank,ORG
universal robina,ORG
university of mindanao broadcasting network,ORG
university of santo tomas hospital,ORG
upstream,ORG
viva entertainment,ORG
zoe broadcasting network,ORG
philippine environment,ORG
bureau of jail management and penology (bjmp),ORG
philippine information agency (pia),ORG
"catholic bishopsâ’ conference of the philippinesâ’ national secretariat for social action, justice, and peace (cbcp-nassa)",ORG
philippine legislators' committee on population and development (plcpd),ORG
caucus of development ngo networks (code-ngo),ORG
philippine migrants rights watch (pmrw),ORG
"center for leadership, citizenship and democracy",ORG
philippine national police,ORG
centerlaw or center for international law manila,ORG
philippine public transparency reporting project,ORG
citizen action network for local government accountability and performance (cana),ORG
public attorney's office,ORG
coalition against corruption (cac),ORG
rainbow rights project (r-rights),ORG
commission on human rights of the philippines -chrp,ORG
saligan,ORG
concerned citizens of abra for good governance,ORG
social watch philippines,ORG
cordillera peoples alliance (cpa),ORG
tebtebba (indigenous peoplesâ’ international centre for policy research and education,ORG
department of interior and local government (dilg),ORG
the aim policy center,ORG
department of justice (doj)â -- philippines,ORG
the freedom from debt coalition (fdc),ORG
ateneo human rights center,ORG
management association of the philippines (map),ORG
philippine alliance of human rights advocates (pahra),ORG
"balay alternative legal advocates for development in mindanaw, inc. - balaod mindanaw",ORG
integrity initiative,ORG
philippine center for investigative journalism (pcij),ORG
balay rehabilitation center,ORG
philippine center on transnational crime,ORG
basic needs services,ORG
philippine commission on women,ORG
bureau of corrections,ORG
philippine environment,ORG
bureau of jail management and penology (bjmp),ORG
philippine information agency (pia),ORG
"catholic bishopsâ’ conference of the philippinesâ’ national secretariat for social action, justice, and peace (cbcp-nassa)",ORG
philippine legislators' committee on population and development (plcpd),ORG
caucus of development ngo networks (code-ngo),ORG
philippine migrants rights watch (pmrw),ORG
"center for leadership, citizenship and democracy",ORG
philippine national police,ORG
centerlaw or center for international law manila,ORG
philippine public transparency reporting project,ORG
citizen action network for local government accountability and performance (cana),ORG
coalition against corruption (cac),ORG
public attorney's office,ORG
aba rule of law initiative (aba roli) - judicial strengthening to build court effectiveness (justice) program,ORG
supreme court of the philippines,ORG
office of the ombudsman (omb) philippines,ORG
"alternative law groups, inc. (alg)",ORG
the inter-agency council against trafficking,ORG
pasali philippines foundation,ORG
ateneo human rights center,ORG
management association of the philippines (map),ORG
peasant movement of the philippines â–kilusang magbubukid ng pilipinas (kmp),ORG
"balay alternative legal advocates for development in mindanaw, inc. - balaod mindanaw",ORG
integrity initiative,ORG
philippine alliance of human rights advocates (pahra),ORG
balay rehabilitation center,ORG
philippine center for investigative journalism (pcij),ORG
philippine center on transnational crime,ORG
basic needs services,ORG
philippine commission on women,ORG
bureau of corrections,ORG
ncr,GPE
national capital region,GPE
car,GPE
cordillera administrative region,GPE
abra,GPE
apayao,GPE
benguet,GPE
ifugao,GPE
kalinga,GPE
mountain province,GPE
ilocos region,GPE
ilocos norte,GPE
ilocos sur,GPE
la union,GPE
pangasinan,GPE
cagayan valley,GPE
batanes,GPE
cagayan,GPE
isabela,GPE
nueva vizcaya,GPE
quirino,GPE
central luzon,GPE
aurora,GPE
bataan,GPE
bulacan,GPE
nueva ecija,GPE
pampanga,GPE
tarlac,GPE
zambales,GPE
calabarzon,GPE
batangas,GPE
cavite,GPE
laguna,GPE
quezon,GPE
rizal,GPE
mimaropa,GPE
southwestern tagalog,GPE
marinduque,GPE
occidental mindoro,GPE
oriental mindoro,GPE
palawan,GPE
romblon,GPE
bicol region,GPE
albay,GPE
camarines norte,GPE
camarines sur,GPE
catanduanes,GPE
masbate,GPE
sorsogon,GPE
visayas,GPE
western visayas,GPE
aklan,GPE
antique,GPE
capiz,GPE
guimaras,GPE
iloilo,GPE
negros occidental,GPE
central visayas,GPE
bohol,GPE
cebu,GPE
negros oriental,GPE
siquijor,GPE
eastern visayas,GPE
biliran,GPE
eastern samar,GPE
leyte,GPE
northern samar,GPE
samar,GPE
southern leyte,GPE
mindanao,GPE
zamboanga peninsula,GPE
zamboanga del norte,GPE
zamboanga del sur,GPE
zamboanga sibugay,GPE
northern mindanao,GPE
bukidnon,GPE
camiguin,GPE
lanao del norte,GPE
misamis occidental,GPE
misamis oriental,GPE
davao region,GPE
davao de oro,GPE
davao del norte,GPE
davao del sur,GPE
davao occidental,GPE
davao oriental,GPE
soccskargen,GPE
cotabato,GPE
sarangani,GPE
south cotabato,GPE
sultan kudarat,GPE
caraga region,GPE
agusan del norte,GPE
agusan del sur,GPE
dinagat islands,GPE
surigao del norte,GPE
surigao del sur,GPE
barmm,GPE
bangsamoro autonomous region in muslim mindanao,GPE
basilan,GPE
lanao del sur,GPE
maguindanao,GPE
sulu,GPE
tawi-tawi,GPE
dela cruz,PER
garcia,PER
reyes,PER
ramos,PER
mendoza,PER
santos,PER
flores,PER
gonzales,PER
bautista,PER
villanueva,PER
fernandez,PER
cruz,PER
de guzman,PER
lopez,PER
perez,PER
castillo,PER
francisco,PER
rivera,PER
aquino,PER
castro,PER
sanchez,PER
torres,PER
de leon,PER
domingo,PER
martinez,PER
rodriguez,PER
santiago,PER
soriano,PER
delos santos,PER
diaz,PER
hernandez,PER
tolentino,PER
valdez,PER
ramirez,PER
morales,PER
mercado,PER
tan,PER
aguilar,PER
navarro,PER
manalo,PER
gomez,PER
dizon,PER
del rosario,PER
javier,PER
corpuz,PER
gutierrez,PER
salvador,PER
velasco,PER
miranda,PER
david,PER
salazar,PER
ferrer,PER
alvarez,PER
sarmiento,PER
pascual,PER
lim,PER
delos reyes,PER
marquez,PER
jimenez,PER
cortez,PER
antonio,PER
agustin,PER
rosales,PER
manuel,PER
mariano,PER
evangelista,PER
pineda,PER
enriquez,PER
ocampo,PER
alcantara,PER
pascua,PER
de vera,PER
romero,PER
de jesus,PER
dela peña,PER
valencia,PER
ignacio,PER
vergara,PER
padilla,PER
angeles,PER
espiritu,PER
fuentes,PER
legaspi,PER
cañete,PER
peralta,PER
vargas,PER
cabrera,PER
fajardo,PER
gonzaga,PER
espinosa,PER
guevarra,PER
samson,PER
ortega,PER
molina,PER
serrano,PER
chavez,PER
briones,PER
medina,PER
palma,PER
tamayo,PER
arellano,PER
atienza,PER
villegas,PER
estrada,PER
martin,PER
acosta,PER
ortiz,PER
sison,PER
trinidad,PER
zamora,PER
asuncion,PER
abad,PER
moreno,PER
valenzuela,PER
mallari,PER
caballero,PER
villamor,PER
bernardo,PER
robles,PER
concepcion,PER
fernando,PER
gregorio,PER
borja,PER
magbanua,PER
de castro,PER
panganiban,PER
galang,PER
nuñez,PER
roxas,PER
ruiz,PER
pangilinan,PER
vicente,PER
chua,PER
suarez,PER
avila,PER
ali,PER
austria,PER
magno,PER
dela torre,PER
luna,PER
de la cruz,PER
pepito,PER
solis,PER
uy,PER
dela rosa,PER
duran,PER
abella,PER
mahinay,PER
esguerra,PER
roque,PER
andres,PER
jose,PER
sevilla,PER
beltran,PER
gabriel,PER
mateo,PER
ybañez,PER
nicolas,PER
mendez,PER
cunanan,PER
vasquez,PER
ancheta,PER
ventura,PER
lorenzo,PER
cordero,PER
toledo,PER
galvez,PER
abdul,PER
natividad,PER
marasigan,PER
herrera,PER
silva,PER
miguel,PER
gamboa,PER
estrella,PER
villa,PER
bartolome,PER
usman,PER
sales,PER
custodio,PER
ong,PER
lucero,PER
abdullah,PER
manzano,PER
ibañez,PER
marcelo,PER
ponce,PER
gallardo,PER
rosario,PER
delgado,PER
canlas,PER
cariño,PER
yap,PER
go,PER
esteban,PER
ilagan,PER
tuazon,PER
carpio,PER
carreon,PER
baltazar,PER
pablo,PER
lozada,PER
guzman,PER
guerrero,PER
padua,PER
salcedo,PER
camacho,PER
bueno,PER
blanco,PER
cuevas,PER
carlos,PER
andaya,PER
lozano,PER
aguirre,PER
baguio,PER
cervantes,PER
bernal,PER
bustamante,PER
arevalo,PER
villar,PER
sabado,PER
labrador,PER
ronquillo,PER
panes,PER
cristobal,PER
prado,PER
guillermo,PER
dulay,PER
apostol,PER
oliveros,PER
santillan,PER
abalos,PER
quinto,PER
montero,PER
alfonso,PER
umali,PER
campos,PER
san juan,PER
constantino,PER
baylon,PER
malinao,PER
franco,PER
calderon,PER
quijano,PER
velasquez,PER
marcos,PER
alonzo,PER
lazaro,PER
mata,PER
cinco,PER
geronimo,PER
cordova,PER
eugenio,PER
rubio,PER
viray,PER
delfin,PER
canoy,PER
crisostomo,PER
mejia,PER
rico,PER
punzalan,PER
benitez,PER
bernabe,PER
buenaventura,PER
ballesteros,PER
clemente,PER
sy,PER
peña,PER
jacinto,PER
vidal,PER
salas,PER
tomas,PER
matias,PER
yu,PER
de asis,PER
andrade,PER
magallanes,PER
roldan,PER
asis,PER
ledesma,PER
cortes,PER
feliciano,PER
sayson,PER
de luna,PER
borromeo,PER
del mundo,PER
bello,PER
manansala,PER
bondoc,PER
lacson,PER
salinas,PER
barrientos,PER
conde,PER
collado,PER
juan,PER
villareal,PER
teves,PER
laurente,PER
quiambao,PER
mohammad,PER
oliva,PER
bonifacio,PER
rojas,PER
alejandro,PER
sebastian,PER
frias,PER
catalan,PER
espina,PER
lee,PER
lucas,PER
sali,PER
dominguez,PER
mangubat,PER
calma,PER
chan,PER
villarin,PER
cayabyab,PER
rosal,PER
basa,PER
basilio,PER
tejada,PER
samonte,PER
viernes,PER
plaza,PER
gallego,PER
castor,PER
dionisio,PER
musa,PER
sultan,PER
tenorio,PER
solomon,PER
española,PER
narciso,PER
pangan,PER
pelayo,PER
romano,PER
lachica,PER
arcilla,PER
alba,PER
espino,PER
raymundo,PER
pilapil,PER
cuizon,PER
aragon,PER
medrano,PER
ang,PER
guinto,PER
castañeda,PER
paras,PER
alvarado,PER
omar,PER
hipolito,PER
porras,PER
de mesa,PER
tecson,PER
basco,PER
pimentel,PER
adriano,PER
santa ana,PER
sagun,PER
pacheco,PER
muñoz,PER
landicho,PER
arroyo,PER
rodrigo,PER
neri,PER
malabanan,PER
bravo,PER
lara,PER
dela cerna,PER
villaflor,PER
galicia,PER
san jose,PER
junio,PER
de los santos,PER
villaruel,PER
hilario,PER
añonuevo,PER
felipe,PER
montes,PER
gaspar,PER
belen,PER
sotto,PER
patricio,PER
bernardino,PER
madrid,PER
alarcon,PER
verano,PER
casas,PER
barrios,PER
ariola,PER
cano,PER
advincula,PER
marcelino,PER
macaraeg,PER
alejo,PER
andal,PER
dalisay,PER
aguila,PER
lao,PER
sunga,PER
de chavez,PER
montemayor,PER
coronel,PER
silvestre,PER
carillo,PER
bermudez,PER
zapanta,PER
co,PER
murillo,PER
billones,PER
belarmino,PER
dimaano,PER
mahilum,PER
alegre,PER
nepomuceno,PER
de ocampo,PER
alberto,PER
abas,PER
manlangit,PER
vega,PER
manalang,PER
liwanag,PER
paglinawan,PER
meneses,PER
ibrahim,PER
aguinaldo,PER
bacani,PER
hassan,PER
cariaga,PER
burgos,PER
maranan,PER
recto,PER
villafuerte,PER
imperial,PER
manabat,PER
zabala,PER
figueroa,PER
amante,PER
paz,PER
sandoval,PER
delima,PER
urbano,PER
quiñones,PER
decena,PER
de villa,PER
salonga,PER
andrada,PER
policarpio,PER
pasion,PER
roa,PER
capistrano,PER
cabahug,PER
carandang,PER
madriaga,PER
ismael,PER
saavedra,PER
mama,PER
dela vega,PER
julian,PER
de los reyes,PER
pancho,PER
nolasco,PER
jacob,PER
fontanilla,PER
tobias,PER
benito,PER
donato,PER
bacus,PER
magsino,PER
valerio,PER
dy,PER
rivas,PER
paraiso,PER
viloria,PER
paredes,PER
solano,PER
jumawan,PER
regala,PER
villena,PER
rojo,PER
magpantay,PER
arceo,PER
mina,PER
florendo,PER
centeno,PER
encarnacion,PER
mendiola,PER
regalado,PER
baluyot,PER
mojica,PER
mayo,PER
acuña,PER
alfaro,PER
de torres,PER
gatchalian,PER
mahusay,PER
soria,PER
osorio,PER
araneta,PER
san pedro,PER
divinagracia,PER
montaño,PER
barredo,PER
sumalinog,PER
akmad,PER
largo,PER
lauron,PER
simon,PER
sabanal,PER
hidalgo,PER
barrera,PER
valiente,PER
macapagal,PER
barcelona,PER
isidro,PER
bacalso,PER
rafael,PER
loyola,PER
resurreccion,PER
santa maria,PER
razon,PER
capili,PER
felix,PER
velarde,PER
teodoro,PER
bernales,PER
infante,PER
navales,PER
dorado,PER
yabut,PER
duque,PER
caballes,PER
benedicto,PER
pastor,PER
abubakar,PER
mondejar,PER
faustino,PER
pasco,PER
estacio,PER
hermoso,PER
lazo,PER
buenaflor,PER
danao,PER
peñaflor,PER
mesa,PER
bantilan,PER
marzan,PER
dayrit,PER
bohol,PER
catacutan,PER
pagaduan,PER
palacio,PER
belleza,PER
dacanay,PER
magnaye,PER
peñaranda,PER
arguelles,PER
almazan,PER
pamintuan,PER
candelaria,PER
inocencio,PER
macatangay,PER
morillo,PER
lapuz,PER
palmes,PER
sarip,PER
amil,PER
suan,PER
borres,PER
sulit,PER
tadeo,PER
magat,PER
padernal,PER
dumlao,PER
balbuena,PER
villarosa,PER
guanzon,PER
parreño,PER
puno,PER
revilla,PER
cardenas,PER
paulino,PER
mijares,PER
panaligan,PER
alih,PER
manlapaz,PER
cabral,PER
manalili,PER
maravilla,PER
ampuan,PER
llagas,PER
arenas,PER
parcon,PER
leonardo,PER
alcala,PER
bermejo,PER
buenafe,PER
sangalang,PER
gallo,PER
diego,PER
fabian,PER
costales,PER
soliman,PER
jordan,PER
salva,PER
de guia,PER
tayag,PER
comia,PER
amor,PER
jayme,PER
rosete,PER
cuaresma,PER
nazareno,PER
abayon,PER
pastrana,PER
maglasang,PER
tupas,PER
catapang,PER
adam,PER
belmonte,PER
mamaril,PER
cayetano,PER
cacho,PER
dueñas,PER
florentino,PER
barrameda,PER
poblete,PER
papa,PER
real,PER
laxamana,PER
abarquez,PER
cadiz,PER
amparo,PER
singson,PER
cueto,PER
dela paz,PER
moral,PER
abao,PER
banaag,PER
montoya,PER
pitogo,PER
campo,PER
valle,PER
gloria,PER
cuenca,PER
salik,PER
eusebio,PER
bulan,PER
ampaso,PER
arias,PER
rey,PER
victoria,PER
granada,PER
pama,PER
celis,PER
almonte,PER
malate,PER
almario,PER
balingit,PER
olivar,PER
joaquin,PER
tagalog,PER
sibayan,PER
contreras,PER
montejo,PER
palomo,PER
lagman,PER
quizon,PER
apolinario,PER
paragas,PER
gaviola,PER
dayao,PER
andales,PER
silvano,PER
montilla,PER
estrera,PER
aban,PER
alcaraz,PER
fronda,PER
ibarra,PER
morada,PER
diamante,PER
naval,PER
pulido,PER
balansag,PER
rosas,PER
mariñas,PER
cornelio,PER
bañez,PER
palomar,PER
adolfo,PER
amaro,PER
rendon,PER
sanico,PER
valera,PER
buan,PER
amores,PER
caro,PER
castillon,PER
mora,PER
ando,PER
baron,PER
coronado,PER
balmes,PER
nacario,PER
datu,PER
gorospe,PER
simbajon,PER
pantaleon,PER
de lara,PER
san diego,PER
ceniza,PER
olarte,PER
samillano,PER
torio,PER
rama,PER
escalante,PER
tagle,PER
claro,PER
escobar,PER
avenido,PER
rabino,PER
salvacion,PER
pelaez,PER
yumul,PER
leal,PER
amar,PER
gerona,PER
nava,PER
zulueta,PER
tampus,PER
alferez,PER
aranas,PER
galvan,PER
francia,PER
agcaoili,PER
mirasol,PER
kasim,PER
nacion,PER
posadas,PER
canillo,PER
de dios,PER
estabillo,PER
gumban,PER
buena,PER
doria,PER
ilao,PER
alano,PER
velez,PER
daniel,PER
noble,PER
pardillo,PER
sarabia,PER
bayani,PER
llanes,PER
catubig,PER
quirante,PER
abbas,PER
vinluan,PER
salem,PER
villas,PER
dagohoy,PER
lariosa,PER
caparas,PER
verzosa,PER
sicat,PER
viñas,PER
buendia,PER
manalastas,PER
alipio,PER
candelario,PER
pareja,PER
esmael,PER
manahan,PER
amerol,PER
abello,PER
rivero,PER
nobleza,PER
coloma,PER
maceda,PER
marcial,PER
pamplona,PER
mauricio,PER
veloso,PER
balaba,PER
bañares,PER
adlawan,PER
aba,PER
daño,PER
arce,PER
magtibay,PER
alburo,PER
isip,PER
gervacio,PER
manatad,PER
jumao-as,PER
opeña,PER
parungao,PER
arnaiz,PER
cayanan,PER
abuan,PER
daud,PER
montecillo,PER
claveria,PER
gatdula,PER
royo,PER
galo,PER
biñas,PER
pedro,PER
celeste,PER
villaruz,PER
ayson,PER
rada,PER
palermo,PER
roble,PER
gallano,PER
miñoza,PER
suico,PER
barbosa,PER
arcega,PER
mission,PER
grande,PER
candido,PER
cerezo,PER
bolivar,PER
untalan,PER
pajarillo,PER
maquiling,PER
alim,PER
maghanoy,PER
tolosa,PER
cabiles,PER
tiu,PER
ordoñez,PER
del castillo,PER
palencia,PER
dimaculangan,PER
labajo,PER
guarin,PER
cagas,PER
dalida,PER
menor,PER
monte,PER
soliven,PER
garces,PER
mabini,PER
balbin,PER
celestial,PER
esmail,PER
balagtas,PER
sampang,PER
tejero,PER
camba,PER
villaflores,PER
barba,PER
joson,PER
abubacar,PER
paran,PER
espejo,PER
monares,PER
macalalad,PER
mayor,PER
cuyos,PER
mohamad,PER
somera,PER
malana,PER
marco,PER
pino,PER
brillantes,PER
barroga,PER
vallejo,PER
cantos,PER
segovia,PER
marfil,PER
abdulla,PER
paclibar,PER
piamonte,PER
baquiran,PER
bustillo,PER
tizon,PER
amper,PER
abordo,PER
garay,PER
palmares,PER
bayot,PER
formentera,PER
dacillo,PER
mallorca,PER
ricafort,PER
solaiman,PER
bacolod,PER
quintana,PER
montenegro,PER
agbayani,PER
manaloto,PER
paguio,PER
tumbaga,PER
pedrosa,PER
ubaldo,PER
baring,PER
dungca,PER
borbon,PER
mapa,PER
bobis,PER
pagulayan,PER
villalobos,PER
abo,PER
gascon,PER
alon,PER
vista,PER
galon,PER
badilla,PER
villaluz,PER
layug,PER
zafra,PER
abing,PER
dinglasan,PER
divina,PER
lanuza,PER
antolin,PER
evangelio,PER
rondina,PER
macaraig,PER
tapia,PER
baluyut,PER
cañada,PER
soberano,PER
madera,PER
sántos,PER
kusain,PER
español,PER
silverio,PER
abellana,PER
palad,PER
medalla,PER
ferolino,PER
doctor,PER
cajes,PER
azucena,PER
villagracia,PER
bato,PER
garrido,PER
cabarles,PER
ambrocio,PER
paloma,PER
padillo,PER
juarez,PER
prieto,PER
cabasag,PER
acob,PER
de juan,PER
montalban,PER
bulatao,PER
guerra,PER
morante,PER
escala,PER
palo,PER
yambao,PER
talib,PER
jocson,PER
amador,PER
alegado,PER
lising,PER
millan,PER
loreto,PER
maturan,PER
credo,PER
caringal,PER
wenceslao,PER
bernaldez,PER
laguna,PER
ebrahim,PER
tupaz,PER
sia,PER
yuson,PER
agravante,PER
joven,PER
balasabas,PER
nieva,PER
taruc,PER
capulong,PER
avelino,PER
leaño,PER
mira,PER
amora,PER
victoriano,PER
tiongson,PER
cabaluna,PER
simbulan,PER
wong,PER
laureta,PER
camposano,PER
mercader,PER
dolor,PER
usop,PER
guevara,PER
villacorta,PER
salgado,PER
degamo,PER
abra river,LOC
kaparakan waterfalls,LOC
apao rolling hills,LOC
piwek rock formations and the don mariano marcos bridge,LOC
underground caves of lussok and manacota,LOC
dupag rock formations,LOC
church ruins of pudtol,LOC
strawberry and farm fields in la trinidad,LOC
kennon road in tuba,LOC
ambuklao dam in bokod and mount pulag along kabayan,LOC
banaue view deck,LOC
banaue rice terraces,LOC
tappiya falls,LOC
nagacadan rice terraces in kiangan,LOC
hungduan rice terraces,LOC
mayoyao rice terraces,LOC
batad rice terraces,LOC
bangaan rice terraces,LOC
highest point in the philippine highway system in kiangan,LOC
chico river,LOC
buscalan town proper,LOC
sleeping beauty mountain,LOC
sagada,LOC
sumaguing cave,LOC
bomod-ok falls,LOC
kiltepan peak,LOC
lumiang cave,LOC
mummy caves,LOC
hanging coffins fo sagada,LOC
lake danum,LOC
maligcong rice terraces,LOC
beaches along san juan,LOC
ma-cho temple,LOC
luna pebble beach,LOC
tangadan falls,LOC
grape farms in bauang,LOC
thunderbird resort,LOC
pugad pugo adventure,LOC
hundred islands national park,LOC
bolinao beach & lighthouse,LOC
bolinao falls,LOC
enchanted cave,LOC
lingayen provincial capitol,LOC
various salt farms,LOC
magat dam,LOC
giant armchair in ilagan,LOC
ilagan sanctuary,LOC
sta. victoria caves,LOC
tumauini church,LOC
san pablo church and ruins,LOC
divilacan,LOC
palanan,LOC
mt. pulag,LOC
dalton pass,LOC
lower magat eco-tourism park,LOC
imugan falls,LOC
capisaan cave system,LOC
mt. ugo,LOC
church of san vicente ferrer,LOC
st. dominic cathedral,LOC
governorâ€™s rapids,LOC
aglipay cave,LOC
siitan nature park,LOC
bimmapor rock formation,LOC
nagtipunan river,LOC
landingan viewpoint,LOC
sabang beach,LOC
ditumabo falls,LOC
millennium tree,LOC
dicasalarin cove,LOC
diguisit beach,LOC
museo de baler,LOC
dingalan,LOC
shrine of valor at mt. samat,LOC
las casas filipinas de acuzar,LOC
sisiman bay,LOC
pawikan conservation center,LOC
balanga wetland and nature park,LOC
tarak ridge,LOC
biak-na-bato national park,LOC
barasaoin church,LOC
mt. manalmon,LOC
pinagrealan cave,LOC
angat dam rainforest park,LOC
hilltop,LOC
san rafael river park,LOC
mt. balagbag,LOC
malangaan cave,LOC
bitbit river,LOC
minalungao national park,LOC
pantabangan dam,LOC
pantabagan lake,LOC
crystal wave resort,LOC
gabaldon,LOC
mt. pinatubo,LOC
angeles city for food-tripping,LOC
pamintuan mansion,LOC
sandbox pampanga,LOC
mount arayat park,LOC
nayong pilipino clark,LOC
clark freeport and special economic zone,LOC
mt. pinatubo crater lake,LOC
capas national shrine,LOC
monasterio de tarlac,LOC
kart city tarlac,LOC
tarlac recreation park,LOC
aquino center and museum,LOC
ylang-ylang center in anao,LOC
subic bay,LOC
subic bay freeport zone,LOC
olongapo,LOC
mt. pinatubo crater lake,LOC
crystal beach,LOC
anawangin cove,LOC
nagsasa cove,LOC
magalawa island,LOC
potipot island,LOC
taal volcano,LOC
taal heritage town,LOC
anilao,LOC
sombrero island,LOC
matabungkay,LOC
calatagan,LOC
laiya,LOC
fortune island,LOC
verde island passage,LOC
tagaytay city,LOC
corregidor island,LOC
fort san felipe and sangley point,LOC
aguinaldo shrine,LOC
mt. pico de loro,LOC
kaybiang tunnel,LOC
laguna lake,LOC
caliraya lake,LOC
pagsanjan falls,LOC
hot spring resorts in los banos,LOC
seven lakes of san pablo,LOC
mt. makiling,LOC
paete,LOC
nagcarlan underground cemetery,LOC
mount banahaw,LOC
pahiyas festival every may,LOC
villa escudero,LOC
kamay ni hesus shrine,LOC
jomalig island,LOC
balesin,LOC
laguna de bay,LOC
antipolo,LOC
angono,LOC
angono-binangonan petroglyphs,LOC
wawa dam,LOC
daranak falls,LOC
pinto art museum,LOC
tinipak river,LOC
mt. daraitan,LOC
masungi georeserve,LOC
moriones festival during holy week,LOC
luzon datum of 1911 reference marker,LOC
mt. malindig,LOC
maniwaya island,LOC
poctoy white beach,LOC
tres reyes islands,LOC
boac cathedral,LOC
biglang awa shrine,LOC
apo reef natural park,LOC
longest zipline in sablayan,LOC
mt. iglit-baco national park,LOC
white island,LOC
pandan island,LOC
puerto galera,LOC
sabang beach,LOC
tamaraw falls,LOC
talipanan beach,LOC
mangyan heritage village in mansalay,LOC
bulalacao,LOC
puerto princesa subterranean national park,LOC
coron reefs,LOC
coron bay,LOC
kayangan lake,LOC
el nido,LOC
calauit game preserve and wildlife sanctuary,LOC
tubbataha reef marine park,LOC
san vicente white beach,LOC
bonbon beach,LOC
fuerza de san andres,LOC
the cathedral of st. joseph the worker parish,LOC
mainit falls in odiongan,LOC
binucot beach in odiongan,LOC
mount guiting-guiting,LOC
sibuyan island,LOC
caramoan islands,LOC
cwc wakeboard complex,LOC
penafrancia basilica,LOC
mt. isarog national park,LOC
malabsay falls,LOC
lake buhi,LOC
puraran beach,LOC
binurong point,LOC
balacay point,LOC
cagnipa rolling hills,LOC
tuwad-tuwadan lagoon,LOC
palumbanes islands,LOC
bato church,LOC
ilihan point,LOC
rodeo masbateã±o,LOC
buntod reef marine sanctuary,LOC
burubancaso rock formation,LOC
catandayagan falls,LOC
sese brahmanâ€™s ranch,LOC
mangrovetum,LOC
burias,LOC
tinalisayan islets,LOC
animasola rock formations,LOC
mt. bulusan,LOC
bulusan volcano national park,LOC
paguriran island and lagoon,LOC
whaleshark encounters,LOC
pink sand beaches of subic in matnog,LOC
irosin hot springs,LOC
barcelona ruins and church,LOC
kawa bath in tibiao,LOC
mararison island,LOC
seco island,LOC
nogas island,LOC
aningalan highlands strawberry garden,LOC
igbaclag cave,LOC
malumpati cold spring,LOC
naranjo water park,LOC
anini-y church,LOC
santa monica church & pan-ay bell,LOC
baybay beach,LOC
palina greenbelt river tour,LOC
cadimahan libotong river cruise,LOC
ang panublion  museum,LOC
culajao mangrove eco-park,LOC
suhot cave and spring in dumalag,LOC
guisi beach,LOC
guisi lighthouse,LOC
taklong island national marine reserve,LOC
alubihod beach,LOC
trappist monastery,LOC
the san lorenzo windmills,LOC
smallest plaza,LOC
miag-ao church,LOC
molo church,LOC
calle real heritage district,LOC
iloilo river esplanade,LOC
garin farm,LOC
islas de gigantes,LOC
the ruins in talisay,LOC
balay negrense,LOC
san sebastian cathedral,LOC
mt. kanlaon,LOC
capitol park and lagoon,LOC
sipalay,LOC
chocolate hills,LOC
panglao island,LOC
alona beach,LOC
hinagdanan cave,LOC
philippine tarsier sanctuary,LOC
loboc river cruise,LOC
bilar man-made forest,LOC
baclayon church,LOC
magellanâ€™s cross,LOC
fort san pedro,LOC
basilica minore del santo nino,LOC
cebu taoist temple,LOC
kawasan falls,LOC
osmena peak,LOC
batnayan island,LOC
tops lookout,LOC
temple of leah,LOC
sirao garden,LOC
lapu lapu shrine,LOC
apo island,LOC
balinsasayao twin lakes natural park,LOC
pulagnbato falls in valencia,LOC
mount talinis,LOC
siliman university,LOC
lake danao,LOC
rizal boulevard,LOC
salogdoong beach,LOC
lazi church,LOC
lazi convent,LOC
cambigahay falls,LOC
400-year old balete tree,LOC
lugnason falls,LOC
guiwanon spring park,LOC
cantabon cave,LOC
st. francis of assisi church,LOC
tinago falls,LOC
ulan-ulan falls,LOC
sambawan island,LOC
higatangan island,LOC
dalutan island,LOC
talahid beach resort,LOC
mt. tres marias,LOC
mainit hot spring,LOC
baybay beach,LOC
divinubo island,LOC
linao cave,LOC
homonhon island,LOC
guian world war ii operating base,LOC
calicoan island,LOC
san juanico bridge,LOC
san juanico strait,LOC
macarthur landing memorial national park,LOC
lake danao,LOC
tacloban,LOC
kalanggaman island,LOC
biri island,LOC
capul island,LOC
capul island lighthouse,LOC
pink beach of san vicente,LOC
san juanico bridge,LOC
sohoton caves & natural bridge park,LOC
tarangban falls,LOC
lulugayan falls,LOC
langun gobingob cave in calbiga,LOC
ulot river torpedo boat,LOC
agas-agas bridge,LOC
napantao marine sanctuary,LOC
puting buhangin island,LOC
banahaw cold spring,LOC
maasin cathedral,LOC
limasawa,LOC
dakak beach resort,LOC
gloriaâ€™s fantasyland,LOC
rizal park and shrine,LOC
st. james the greater church,LOC
dapitan city plaza,LOC
dipolog sunset boulvard,LOC
linabo peak,LOC
pagadian rotonda,LOC
city hall and plaza,LOC
baywalk & pier,LOC
lakewood,LOC
dao dao islands,LOC
puting balas,LOC
alindahaw lakeview resort in lakwood,LOC
obelisk rotunda,LOC
provincial capitol,LOC
buluan island,LOC
kabug mangrove park and wetlands,LOC
siay-kabasalan wetlands mini-disneyland theme park,LOC
pandilusan island,LOC
litayon island,LOC
caves in moalboal,LOC
bukidnon provincial capitol,LOC
kaamulan park,LOC
pineapple fields,LOC
lake apo,LOC
mount dulang-dulang,LOC
mount kitanglad,LOC
mount kalatungan,LOC
mount maagnaw,LOC
mount capistrano,LOC
mount palaopao,LOC
center for ecologocial development and recreation,LOC
sunken cemetery & ruins,LOC
white island,LOC
mantigue island nature park,LOC
mt. hibok-hibok,LOC
ardent springs,LOC
sto. nino cold spring,LOC
soda water park,LOC
katibawasan falls,LOC
tuasan falls,LOC
tinago falls,LOC
maria cristina falls,LOC
mimbalut falls,LOC
npc nature park,LOC
paseo de santiago,LOC
mount malindang range natural park and lake duminagat,LOC
caluya shrine,LOC
house of suman,LOC
immaculate conception cathedral pipe organ in ozamiz,LOC
cotta fort,LOC
jimenez church,LOC
mapawa nature park,LOC
seven seas water park and resort,LOC
garden of malasag eco tourism village,LOC
museo de oro,LOC
awao falls,LOC
mainit sulfuric hotspring in maco,LOC
caves in nabunturan and havenâ€™s peak highland resort,LOC
mt. candalaga,LOC
the biggest gold ring in the philippines.,LOC
island garden city of samal,LOC
samal island,LOC
pearl farm beach resort,LOC
banana beach resort,LOC
talikud island,LOC
peopleâ€™s park,LOC
eden nature park & garden,LOC
mount apo,LOC
crocodile park,LOC
philippine eagle center,LOC
â€˜d bone collector museum,LOC
philippine eagle center,LOC
little boracay beach resort in sta. maria,LOC
sarangani island,LOC
balut island,LOC
olanivan island,LOC
sleeping dragon,LOC
aliwagwag falls,LOC
dahican beach in mati,LOC
ultralight flying from mati airport,LOC
sleeping dinosaur view deck,LOC
blue bless beach resort aqua park,LOC
subangan museum,LOC
baywalk area,LOC
asik-asik falls in alamada,LOC
mt. apo,LOC
magpet and makilala trails),LOC
ligusan marsh,LOC
fort pikit,LOC
kabakan caves,LOC
skyline mountain resort,LOC
gumasa beach,LOC
isla jardin del mar,LOC
belimac sumbang point beach,LOC
heritage houses in glan,LOC
hacienda don juan,LOC
white water tubing in maitum,LOC
sarangani bay view resort paragliding,LOC
lake sebu,LOC
seven falls,LOC
lake holon,LOC
mount melibengoy,LOC
mount matutum,LOC
queen tuna park,LOC
tâ€™boli museum,LOC
tâ€™nalak festival,LOC
surallah rotunda,LOC
sultan kudarat provincial capitol,LOC
buluan lake,LOC
marawir peak,LOC
kalamansig beach,LOC
baras bird sanctuary,LOC
lagbasan â€œparadiseâ€ cave,LOC
agusan river,LOC
butuan national museum,LOC
delta discovery park,LOC
balangay shrine museum,LOC
agusan marsh wildlife sanctuary,LOC
esperanza bridge,LOC
bayugan rotunda,LOC
pinandagatan falls,LOC
white castle,LOC
libjo and cabdianao,LOC
lake bababu,LOC
mount redondo natural bonsai forest and mount kambinliw in loreto,LOC
siargao,LOC
cloud 9,LOC
island-hopping in siargao,LOC
daku and naked island),LOC
bucas grande,LOC
sohoton cove,LOC
magpupungko,LOC
sugba lagoon,LOC
tiktikan lake,LOC
mabua pebble beach,LOC
silop cave,LOC
tinuy-an falls,LOC
enchanted river in hinatuan,LOC
britania group of islands,LOC
surf spots in cantilan and lanuza,LOC
malamawi island,LOC
bulingan falls in lamitan,LOC
the lake in the panigayan fishing village,LOC
sumagdang beach,LOC
old basilan provincial capitol,LOC
lake lanao,LOC
sacred mountain national park,LOC
mindanao state university,LOC
aga khan museum of islamic arts,LOC
torogan,LOC
masjid dimaukom or pink mosque,LOC
abpi white mosque,LOC
blue lagoon,LOC
timako hill,LOC
liguasan marsh,LOC
sulu provincial capitol,LOC
camp bud datu,LOC
jolo group of volcanoes,LOC
sulu museum,LOC
masjid tulay,LOC
bud bongao,LOC
sheik makhdum mosque in simunul island,LOC
tawi-tawi provincial capitol,LOC
bolobok cave and beach,LOC
panampangan island,LOC
sitangkai,LOC